{"cameraMode":{"drawMode":0,"name":"Shaded","section":"Shading Mode"},"sceneLighting":true,"audioPlay":false,"sceneViewState":{"m_AlwaysRefresh":false,"showFog":true,"showSkybox":false,"showFlares":true,"showImageEffects":true,"showParticleSystems":true,"showVisualEffectGraphs":true,"m_FxEnabled":true},"in2DMode":false,"pivot":{"x":-0.21000003814697267,"y":2.3500001430511476,"z":0.4099998474121094},"rotation":{"x":0.21804779767990113,"y":0.06047515943646431,"z":-0.006465718150138855,"w":0.9749402403831482},"size":12.12435531616211,"orthographic":false}