{"cameraMode":{"drawMode":0,"name":"Shaded","section":"Shading Mode"},"sceneLighting":false,"audioPlay":false,"sceneViewState":{"m_AlwaysRefresh":false,"showFog":true,"showSkybox":false,"showFlares":true,"showImageEffects":true,"showParticleSystems":true,"showVisualEffectGraphs":true,"m_FxEnabled":true},"in2DMode":false,"pivot":{"x":-0.008573412895202637,"y":0.0285148024559021,"z":0.04306900501251221},"rotation":{"x":-0.3557557165622711,"y":-0.32493284344673159,"z":0.11216818541288376,"w":-0.8708980083465576},"size":1.94563627243042,"orthographic":false}